index,ID,名字,资源名称,等级(int),技能ID,车辆耐久（int）火力支援（float）车辆装甲（int）车载成员（int）物资消耗（int）单位油耗（int）人员恢复（int）
index,ID,name,resname,level,skills,attribute
0,1,校车,bus_1,1,"2,4,6,7","20,200;21,1;22,1;23,8;24,10;25,3;26,10"
1,1,校车,bus_1,2,"2,4,6,7","20,210;21,1;22,1;23,8;24,10;25,3;26,10"
2,1,校车,bus_1,3,"2,4,6,7","20,220;21,1;22,1;23,8;24,10;25,3;26,10"
3,1,校车,bus_1,4,"2,4,6,7","20,230;21,2;22,3;23,8;24,10;25,3;26,10"
4,1,校车,bus_1,5,"2,4,6,7","20,240;21,2;22,3;23,8;24,10;25,3;26,10"
5,1,校车,bus_1,6,"2,4,6,7","20,250;21,2;22,3;23,8;24,10;25,3;26,10"
6,1,校车,bus_1,7,"2,4,6,7","20,260;21,3;22,5;23,8;24,10;25,3;26,10"
7,1,校车,bus_1,8,"2,4,6,7","20,270;21,3;22,5;23,8;24,10;25,3;26,10"
8,1,校车,bus_1,9,"2,4,6,7","20,280;21,3;22,5;23,8;24,10;25,3;26,10"
9,1,校车,bus_1,10,"2,4,6,7","20,300;21,5;22,10;23,8;24,10;25,3;26,10"
10,2,悍马,bus_2,1,"1,5,8,9","20,300;21,1;22,3;23,4;24,10;25,3;26,10"
11,2,悍马,bus_2,2,"1,5,8,9","20,310;21,1;22,3;23,4;24,10;25,3;26,10"
12,2,悍马,bus_2,3,"1,5,8,9","20,320;21,1;22,3;23,4;24,10;25,3;26,10"
13,2,悍马,bus_2,4,"1,5,8,9","20,330;21,2;22,5;23,4;24,10;25,3;26,10"
14,2,悍马,bus_2,5,"1,5,8,9","20,340;21,2;22,5;23,4;24,10;25,3;26,10"
15,2,悍马,bus_2,6,"1,5,8,9","20,350;21,2;22,5;23,4;24,10;25,3;26,10"
16,2,悍马,bus_2,7,"1,5,8,9","20,360;21,3;22,10;23,4;24,10;25,3;26,10"
17,2,悍马,bus_2,8,"1,5,8,9","20,370;21,3;22,10;23,4;24,10;25,3;26,10"
18,2,悍马,bus_2,9,"1,5,8,9","20,380;21,3;22,10;23,4;24,10;25,3;26,10"
19,2,悍马,bus_2,10,"1,5,8,9","20,400;21,5;22,15;23,4;24,10;25,3;26,10"
20,3,马戏团,bus_3,1,"10,11,12,13","20,200;21,1;22,1;23,8;24,10;25,3;26,10"
21,3,马戏团,bus_3,2,"10,11,12,13","20,210;21,1;22,1;23,8;24,10;25,3;26,10"
22,3,马戏团,bus_3,3,"10,11,12,13","20,220;21,1;22,1;23,8;24,10;25,3;26,10"
23,3,马戏团,bus_3,4,"10,11,12,13","20,230;21,2;22,3;23,8;24,10;25,3;26,10"
24,3,马戏团,bus_3,5,"10,11,12,13","20,240;21,2;22,3;23,8;24,10;25,3;26,10"
25,3,马戏团,bus_3,6,"10,11,12,13","20,250;21,2;22,3;23,8;24,10;25,3;26,10"
26,3,马戏团,bus_3,7,"10,11,12,13","20,260;21,3;22,5;23,8;24,10;25,3;26,10"
27,3,马戏团,bus_3,8,"10,11,12,13","20,270;21,3;22,5;23,8;24,10;25,3;26,10"
28,3,马戏团,bus_3,9,"10,11,12,13","20,280;21,3;22,5;23,8;24,10;25,3;26,10"
29,3,马戏团,bus_3,10,"10,11,12,13","20,300;21,5;22,10;23,8;24,10;25,3;26,10"
30,4,防爆车,bus_4,1,"14,15,16,17","20,300;21,1;22,3;23,6;24,10;25,3;26,20"
31,4,防爆车,bus_4,2,"14,15,16,17","20,310;21,1;22,3;23,6;24,10;25,3;26,20"
32,4,防爆车,bus_4,3,"14,15,16,17","20,320;21,1;22,3;23,6;24,10;25,3;26,20"
33,4,防爆车,bus_4,4,"14,15,16,17","20,330;21,2;22,5;23,6;24,10;25,3;26,20"
34,4,防爆车,bus_4,5,"14,15,16,17","20,340;21,2;22,5;23,6;24,10;25,3;26,20"
35,4,防爆车,bus_4,6,"14,15,16,17","20,350;21,2;22,5;23,6;24,10;25,3;26,20"
36,4,防爆车,bus_4,7,"14,15,16,17","20,360;21,3;22,10;23,6;24,10;25,3;26,20"
37,4,防爆车,bus_4,8,"14,15,16,17","20,370;21,3;22,10;23,6;24,10;25,3;26,20"
38,4,防爆车,bus_4,9,"14,15,16,17","20,380;21,3;22,10;23,6;24,10;25,3;26,20"
39,4,防爆车,bus_4,10,"14,15,16,17","20,400;21,5;22,15;23,6;24,10;25,3;26,20"
40,5,装甲车,bus_5,1,"18,19,20,21","20,400;21,1;22,5;23,8;24,10;25,5;26,20"
41,5,装甲车,bus_5,2,"18,19,20,21","20,410;21,1;22,5;23,8;24,10;25,5;26,20"
42,5,装甲车,bus_5,3,"18,19,20,21","20,420;21,1;22,5;23,8;24,10;25,5;26,20"
43,5,装甲车,bus_5,4,"18,19,20,21","20,430;21,2;22,10;23,8;24,10;25,5;26,20"
44,5,装甲车,bus_5,5,"18,19,20,21","20,440;21,2;22,10;23,8;24,10;25,5;26,20"
45,5,装甲车,bus_5,6,"18,19,20,21","20,450;21,2;22,10;23,8;24,10;25,5;26,20"
46,5,装甲车,bus_5,7,"18,19,20,21","20,460;21,3;22,15;23,8;24,10;25,5;26,20"
47,5,装甲车,bus_5,8,"18,19,20,21","20,470;21,3;22,15;23,8;24,10;25,5;26,20"
48,5,装甲车,bus_5,9,"18,19,20,21","20,480;21,3;22,15;23,8;24,10;25,5;26,20"
49,5,装甲车,bus_5,10,"18,19,20,21","20,500;21,5;22,20;23,8;24,10;25,5;26,20"
